CALLS,,PUTS
,OI,CHNG IN OI,VOLUME,IV,LTP,CHNG,BID QTY,BID,ASK,ASK QTY,STRIKE,BID QTY,BID,ASK,ASK QTY,CHNG,LTP,IV,VOLUME,CHNG IN OI,OI,
,-,-,-,-,-,-,780,"2,657.20","3,216.60","1,690","20,100.00","2,70,790",0.75,0.80,"5,200",-4.10,0.80,91.43,"2,90,264","-16,495","72,836",
,-,-,-,-,-,-,780,"2,610.55","3,162.00","1,690","20,150.00","12,415",0.70,0.80,325,-4.15,0.75,89.32,"30,405",-112,"3,378",
,3,-,1,-,"2,467.30",21.15,130,"2,754.15","2,827.20",780,"20,200.00","1,33,055",0.85,1.00,"5,785",-4.40,0.85,88.86,"3,02,599","-65,986","1,06,201",
,-,-,-,-,-,-,780,"2,523.95","2,965.50","1,690","20,250.00","1,885",0.70,0.90,65,-4.40,0.85,87.30,"63,058","1,789","16,580",
,1,1,2,-,"2,357.00","-2,339.90",195,"2,641.50","2,739.80",780,"20,300.00","10,595",0.90,1.00,"11,895",-4.40,1.00,87.16,"1,34,017","2,216","18,212",
,-,-,-,-,-,-,780,"2,564.10","2,676.75",780,"20,350.00","1,625",0.75,0.95,"2,600",-4.55,1.10,86.42,"32,868",-633,"1,998",
,-,-,-,-,-,-,780,"2,502.95","2,627.50",780,"20,400.00","1,755",0.70,1.15,"1,300",-5.00,0.95,83.58,"82,633","-13,399","6,083",
,-,-,-,-,-,-,780,"2,335.45","2,746.10",780,"20,450.00","1,300",1.05,1.15,"1,690",-5.05,1.10,83.26,"47,310",-864,"1,431",
,409,-224,272,-,"2,470.00",304.45,390,"2,414.50","2,515.05",195,"20,500.00","2,015",1.15,1.30,"23,530",-5.25,1.20,82.43,"4,72,118","-25,312","80,560",
,2,1,2,-,"2,144.65",-100.10,780,"2,199.85","2,464.85",780,"20,550.00","1,235",1.20,1.40,"2,470",-5.75,1.20,80.84,"49,386","-1,794","2,916",
,7,3,12,-,"2,335.00",173.40,195,"2,344.75","2,414.65",780,"20,600.00","1,755",1.10,1.30,"20,735",-6.05,1.10,78.53,"1,05,473","-4,297","10,877",
,1,1,2,-,"1,996.85","-2,352.30",780,"2,264.45","2,364.85",780,"20,650.00","1,885",1.35,1.55,"31,395",-6.15,1.35,78.66,"62,719","-1,552","3,615",
,3,1,3,-,"2,240.00",340.00,195,"2,227.65","2,331.65",780,"20,700.00","1,755",1.30,1.50,"1,755",-6.60,1.35,77.05,"1,81,798","-1,121","21,445",
,2,-,-,-,-,-,780,"2,164.75","2,264.85",780,"20,750.00","1,755",1.45,1.60,975,-7.25,1.35,75.45,"76,557","-2,078","3,231",
,2,-,1,-,"2,140.00",330.00,195,"2,151.15","2,214.75",780,"20,800.00","1,755",1.40,1.60,910,-7.60,1.50,74.72,"2,77,586","-10,240","20,377",
,2,-,-,-,-,-,780,"2,064.90","2,164.75",780,"20,850.00",715,1.40,1.60,650,-8.40,1.45,72.83,"1,02,095","-2,786","6,206",
,5,-,2,-,"2,040.00",717.75,195,"1,990.90","2,197.40",780,"20,900.00",65,1.65,1.85,260,-8.90,1.55,71.75,"2,35,442","-10,070","22,299",
,3,1,2,-,"1,702.75",43.70,390,"1,958.10","2,064.85",780,"20,950.00",65,1.75,1.85,"1,885",-9.40,1.80,71.35,"1,21,348","1,960","11,599",
,"8,784","-1,894","3,422",-,"1,970.00",273.95,65,"1,963.70","1,974.10",845,"21,000.00",65,1.95,2.10,"1,755",-10.50,1.90,70.15,"10,05,309","10,751","1,43,404",
,5,-,3,-,"1,564.25",-335.75,780,"1,872.45","1,965.15",780,"21,050.00","1,040",2.10,2.30,715,-11.25,2.05,69.13,"1,06,968","-1,897","5,673",
,10,-2,4,-,"1,820.00",208.95,195,"1,850.05","1,927.30",780,"21,100.00",65,2.30,2.40,"3,640",-12.40,2.25,68.24,"2,80,864","-2,278","20,752",
,4,-,1,-,"1,516.75",99.90,780,"1,766.40","1,865.45",780,"21,150.00","1,040",2.45,2.60,"3,120",-13.35,2.55,67.61,"1,21,256",-645,"6,450",
,18,-1,2,113.32,"1,826.95",332.70,780,"1,716.70","1,773.55",260,"21,200.00","1,820",2.45,2.55,"1,105",-14.65,2.55,65.91,"4,52,700","19,908","49,037",
,7,-1,2,-,"1,365.75",316.35,390,"1,666.40","1,770.85","1,170","21,250.00",65,2.80,2.90,"2,925",-15.80,2.75,64.84,"2,05,188",149,"12,790",
,18,-3,36,-,"1,642.80",243.20,195,"1,652.70","1,715.90",780,"21,300.00",65,3.00,3.05,"1,755",-17.45,3.05,63.99,"4,71,790","10,759","41,558",
,10,1,10,103.15,"1,672.10",363.10,780,"1,567.55","1,666.15",780,"21,350.00",260,3.25,3.30,195,-18.90,3.30,62.92,"1,88,144","-1,806","11,125",
,74,-114,143,49.54,"1,574.65",256.70,780,"1,517.90","1,571.50",130,"21,400.00",65,3.45,3.55,"2,470",-20.80,3.40,61.42,"5,78,811","24,015","54,679",
,33,-3,16,-,"1,250.00",-7.60,780,"1,486.00","1,579.05",780,"21,450.00",975,3.90,3.95,"2,405",-22.85,3.95,60.93,"2,81,828","2,584","16,892",
,"3,192",-911,"3,314",-,"1,470.10",266.55,585,"1,470.10","1,474.00",195,"21,500.00",65,4.15,4.25,455,-25.25,4.25,59.77,"15,06,906","67,298","1,65,980",
,97,-17,62,51.27,"1,425.85",230.45,780,"1,280.55","1,467.25",195,"21,550.00",910,4.60,4.90,"3,185",-27.65,4.85,59.11,"3,07,997","6,848","14,249",
,339,-84,427,-,"1,366.30",243.00,195,"1,362.35","1,378.15",130,"21,600.00","1,755",5.15,5.35,"3,510",-30.05,5.35,58.15,"8,65,439","22,205","64,728",
,136,-35,97,-,"1,316.10",243.60,195,"1,313.80","1,327.35",65,"21,650.00",130,5.85,5.90,65,-33.65,5.90,57.16,"4,01,235","4,599","18,522",
,456,-52,359,52.27,"1,278.30",246.10,130,"1,222.75","1,276.60",130,"21,700.00","1,430",6.50,6.65,845,-36.65,6.50,56.15,"10,14,489","17,897","63,550",
,202,-39,255,49.58,"1,227.85",224.60,390,"1,171.90","1,228.60",260,"21,750.00",910,7.05,7.35,650,-40.10,7.40,55.43,"5,73,942","17,847","26,263",
,572,-308,"1,271",46.09,"1,177.05",239.95,65,"1,157.00","1,177.70",130,"21,800.00","1,690",7.85,8.05,910,-45.40,7.85,54.04,"12,08,122","31,327","65,237",
,338,-63,349,49.97,"1,130.40",249.80,780,"1,016.45","1,130.80",325,"21,850.00","1,560",8.80,9.00,715,-49.45,8.95,53.30,"5,52,176","12,806","20,949",
,"2,389","-1,348","4,076",-,"1,073.70",227.95,260,"1,068.45","1,080.25",130,"21,900.00","1,755",9.70,9.95,845,-54.95,9.95,52.32,"12,41,871","37,045","62,959",
,610,-154,727,45.58,"1,030.00",225.50,130,"1,007.45","1,032.75",455,"21,950.00","1,755",11.10,11.50,845,-60.70,11.20,51.43,"6,16,940","8,562","17,258",
,"5,381","-3,539","35,063",38.78,976.95,209.05,260,976.15,982.70,325,"22,000.00","1,300",12.75,13.00,845,-66.20,12.90,50.77,"32,18,059","54,358","1,62,754",
,708,-309,"2,634",40.61,929.15,209.65,65,923.35,934.35,325,"22,050.00","1,300",14.20,14.70,"1,300",-72.60,14.55,49.89,"7,01,820","8,224","17,482",
,"2,073",-318,"20,755",40.26,880.40,195.95,260,876.90,885.25,65,"22,100.00",65,16.45,17.00,"1,755",-79.50,16.75,49.21,"14,02,182","23,254","53,626",
,"1,508",-861,"5,295",41.58,833.75,187.50,260,830.50,840.05,520,"22,150.00",130,18.70,19.45,390,-86.35,18.70,48.19,"8,26,833","14,274","26,687",
,"9,945","-7,951","43,763",42.07,787.10,181.45,260,784.85,791.35,715,"22,200.00",325,21.20,21.60,130,-94.10,21.00,47.20,"20,55,233","26,020","74,118",
,"4,159","-4,597","17,231",43.86,743.55,176.25,260,738.65,743.90,260,"22,250.00",325,24.50,25.00,"1,690",-102.85,24.65,46.74,"10,49,970","10,431","29,327",
,"10,037","-6,905","89,714",41.27,693.10,168.55,260,692.15,699.00,325,"22,300.00",325,28.15,29.15,"1,755",-111.85,28.40,46.06,"23,30,477","18,592","66,724",
,"4,894","-2,603","41,530",39.89,645.00,144.65,260,644.15,652.25,65,"22,350.00","1,560",32.05,33.80,"1,755",-120.15,32.60,45.33,"11,20,699","11,657","27,663",
,"6,635","-5,309","1,49,940",41.91,605.00,147.00,"1,040",600.10,604.95,130,"22,400.00","1,755",37.10,38.10,"1,755",-130.30,37.30,44.55,"21,12,176","24,637","50,548",
,"3,195","-1,532","1,08,375",41.55,560.90,140.00,520,556.05,562.90,520,"22,450.00","1,430",42.70,43.65,910,-140.05,43.65,44.11,"13,15,567","14,732","23,863",
,"25,183","-10,314","7,95,876",39.20,512.00,123.80,195,510.80,513.95,65,"22,500.00",130,48.35,49.50,65,-151.90,48.35,42.84,"40,83,144","78,079","1,41,731",
,"7,050","1,481","6,23,460",39.15,470.40,113.50,195,469.40,475.35,65,"22,550.00",195,56.25,57.85,"3,120",-161.25,57.85,42.80,"18,84,974","18,531","28,974",
,"19,294",724,"26,86,251",39.02,429.90,103.45,65,429.55,431.95,"1,300","22,600.00","2,080",64.85,65.85,390,-172.35,66.00,42.01,"43,78,974","45,967","77,772",
,"13,495","2,301","22,73,217",38.40,389.10,92.15,65,388.65,390.00,520,"22,650.00","3,510",75.15,76.20,"1,560",-184.25,76.20,41.46,"25,24,737","23,876","38,445",
,"33,670","-1,727","43,17,947",38.02,350.60,80.80,130,350.55,352.00,845,"22,700.00",195,86.60,88.25,520,-191.95,88.35,41.06,"36,10,824","34,897","70,913",
,"8,479","-3,749","21,61,405",37.97,315.15,68.45,195,314.50,317.00,260,"22,750.00",195,100.25,101.90,"1,755",-197.30,101.85,40.60,"12,15,559","14,395","24,695",
,"22,286","-17,097","38,75,309",37.82,281.20,60.75,195,280.40,281.95,65,"22,800.00",130,116.15,117.90,455,-209.35,117.90,40.33,"21,10,498","38,107","60,159",
,"10,025","-2,949","22,22,994",37.81,249.90,53.45,195,248.80,250.85,65,"22,850.00",260,134.20,135.75,715,-217.90,134.25,39.73,"10,34,788","14,737","19,993",
,"31,862","2,349","40,87,919",37.65,220.00,45.40,195,218.95,220.50,455,"22,900.00",390,154.25,155.20,195,-228.40,154.25,39.51,"15,85,990","34,359","42,992",
,"15,769","6,221","22,82,903",37.46,192.10,38.45,"1,755",191.50,192.50,195,"22,950.00",390,176.65,177.20,195,-235.05,177.55,39.55,"5,42,608","10,844","15,540",
,"82,203","-14,933","66,41,840",37.18,166.00,31.60,195,164.70,166.00,130,"23,000.00",390,199.35,200.70,845,-241.70,201.00,39.18,"8,75,662","26,059","48,872",
,"20,871","11,490","17,83,028",37.05,142.80,24.45,390,142.40,143.50,65,"23,050.00",195,227.00,227.80,65,-248.05,228.00,39.11,"1,02,716","2,377","4,061",
,"39,111","2,947","28,12,814",36.53,120.05,17.85,65,120.15,121.50,"1,300","23,100.00",195,255.25,257.40,"1,040",-258.85,256.55,38.92,"1,17,426","3,983","8,249",
,"16,321","6,550","16,98,412",36.60,102.20,12.25,195,101.60,102.05,195,"23,150.00",195,284.70,287.95,"1,040",-258.35,287.35,38.78,"26,604",843,"1,844",
,"96,738","38,435","37,99,719",36.31,84.90,7.85,195,84.70,85.05,195,"23,200.00",195,318.50,322.00,"1,040",-262.70,320.25,38.65,"1,00,205","3,660","8,511",
,"18,472","7,116","14,77,260",36.60,72.00,4.75,195,71.70,72.50,"1,040","23,250.00",195,353.00,365.90,130,-253.65,357.20,39.04,"8,788",67,814,
,"47,881","5,761","23,90,472",36.72,60.15,3.95,195,60.15,60.60,195,"23,300.00",195,394.20,399.95,"1,040",-273.25,395.85,39.46,"20,139",79,"3,131",
,"23,094","3,848","14,07,661",36.96,50.35,1.85,195,50.55,51.15,780,"23,350.00",195,433.10,441.00,65,-261.15,435.90,39.88,"2,695",29,431,
,"59,488","23,051","21,71,084",37.42,42.60,0.90,195,41.90,42.55,780,"23,400.00",195,475.05,480.00,65,-269.05,476.00,39.93,"7,921",-539,"1,921",
,"14,975","5,297","11,36,039",37.36,34.50,-1.75,195,34.50,35.25,780,"23,450.00",195,517.95,527.00,195,-284.05,518.30,40.27,"1,313",12,459,
,"1,18,058","30,162","35,02,461",37.80,28.95,-1.90,"3,055",28.35,28.95,455,"23,500.00",260,560.20,564.00,585,-268.35,563.00,41.08,"17,961","-2,203","8,998",
,"28,747","16,210","9,41,784",37.86,23.40,-3.30,"2,470",23.40,23.95,"1,755","23,550.00",650,602.40,615.60,130,-279.65,604.00,40.14,823,-84,454,
,"65,778","33,610","14,68,972",38.07,19.05,-3.60,"1,495",19.05,19.30,260,"23,600.00",65,648.80,654.00,130,-257.85,652.00,41.68,"3,572","-1,451","6,543",
,"14,608","3,677","7,51,670",38.80,16.35,-3.05,65,15.75,16.35,"1,235","23,650.00",390,696.10,706.40,130,-269.15,695.85,41.07,263,25,198,
,"47,114","17,582","12,80,289",38.84,13.00,-3.55,"1,300",12.75,13.00,845,"23,700.00",65,747.00,749.00,65,-241.70,749.00,44.88,"1,534",-425,"1,152",
,"20,110","4,892","5,02,443",39.18,10.65,-3.75,260,10.35,10.65,325,"23,750.00",455,790.15,798.35,65,-262.20,792.00,43.27,270,-73,164,
,"63,253","29,399","10,11,969",39.34,8.50,-3.90,"4,875",8.50,8.80,"1,300","23,800.00",260,841.25,848.95,130,-284.30,841.85,45.27,"1,021",-374,"2,622",
,"18,796","7,512","3,63,017",39.86,7.10,-3.65,"1,300",6.90,7.10,"1,300","23,850.00",65,887.25,899.10,130,-353.15,883.35,40.87,61,-,174,
,"38,681","12,293","7,22,274",39.98,5.60,-3.75,"2,600",5.60,5.90,"1,300","23,900.00",585,934.45,977.90,65,-292.70,934.50,43.80,726,-110,"4,805",
,"11,835","-1,114","3,51,093",40.67,4.80,-3.20,455,4.80,4.90,"1,755","23,950.00",260,984.55,"1,031.35",260,-287.10,983.00,44.21,29,-7,47,
,"1,62,052","34,973","15,37,400",40.34,3.50,-3.50,"6,890",3.50,3.95,"1,950","24,000.00",130,"1,035.00","1,041.20",65,-277.20,"1,039.80",51.95,"4,891","-2,351","8,390",
,"13,784","6,071","2,19,909",41.12,3.05,-2.95,65,3.05,3.15,"1,560","24,050.00",325,"1,082.40","1,134.50",390,-752.05,"1,056.50",-,19,-9,26,
,"51,009","24,475","4,96,880",41.30,2.40,-2.80,65,2.40,2.50,"3,510","24,100.00",195,"1,126.50","1,142.05",65,-281.65,"1,139.85",55.87,323,-6,"5,449",
,"9,262","3,302","1,57,425",42.34,2.20,-2.45,"2,730",2.00,2.25,"1,755","24,150.00",780,"1,143.25","1,192.45",130,-420.45,"1,269.85",94.26,5,-3,11,
,"49,915",-401,"4,71,954",42.42,1.70,-2.35,"16,250",1.70,1.85,"1,755","24,200.00",65,"1,231.50","1,244.30",455,-269.80,"1,239.55",59.45,424,-140,"8,392",
,"10,484","3,172","91,879",43.03,1.45,-2.25,520,1.45,1.65,"1,560","24,250.00",780,"1,223.45","1,326.70",780,-,-,-,-,-,"1,569",
,"29,411",-551,"2,86,403",43.68,1.25,-1.90,"27,365",1.20,1.30,"48,035","24,300.00",780,"1,327.20","1,360.10",65,-349.10,"1,330.90",53.85,163,-51,"3,262",
,"5,051",625,"55,555",44.87,1.20,-1.70,"2,210",1.15,1.30,"1,885","24,350.00",780,"1,202.75","1,424.75",780,-,-,-,-,-,25,
,"32,070","11,990","2,17,191",46.04,1.15,-1.45,"1,755",1.15,1.20,"49,530","24,400.00",325,"1,428.20","1,444.40",65,-691.80,"1,433.80",61.07,638,-42,"4,537",
,"10,441","4,261","76,574",46.68,1.00,-1.30,"1,430",1.00,1.10,"80,925","24,450.00",780,"1,440.80","1,524.55",780,-,-,-,-,-,"1,637",
,"92,101","-1,363","5,39,927",48.03,1.00,-1.10,"11,375",0.95,1.00,"5,785","24,500.00",65,"1,525.90","1,540.05",130,-263.65,"1,535.95",66.99,"1,359",-669,"13,711",
,"12,257","-6,591","67,527",48.82,0.90,-1.00,910,0.90,0.95,"5,655","24,550.00",780,"1,540.85","1,620.55",780,-,-,62.15,-,-,"21,555",
,"29,026","-2,186","1,55,838",48.83,0.70,-0.90,"96,655",0.70,0.75,"79,040","24,600.00",65,"1,631.00","1,676.50","1,690",-278.50,"1,629.50",61.22,320,-179,"12,935",
,"2,254","-7,176","51,439",51.15,0.85,-0.60,"1,755",0.80,0.90,715,"24,650.00",130,"1,669.75","1,763.85",780,-317.40,"1,683.95",69.79,41,-23,"25,191",
,"20,411","-13,716","86,870",52.46,0.85,-0.50,"11,115",0.75,0.85,"1,820","24,700.00",650,"1,543.55","1,792.85","1,690",-382.20,"1,728.80",62.85,317,-112,"17,880",
,"12,919","-4,979","48,446",53.07,0.75,-0.50,"4,095",0.75,0.85,"9,425","24,750.00",780,"1,767.15","1,836.85",780,-589.70,"1,784.70",74.11,15,-14,"8,987",
,"9,614","-6,031","57,616",53.15,0.60,-0.60,"7,670",0.55,0.60,"19,110","24,800.00",390,"1,824.95","1,880.40",780,-625.50,"1,826.50",58.79,126,-78,"2,092",
,"1,677","-1,897","14,224",55.25,0.70,-0.45,"1,755",0.70,0.75,"2,990","24,850.00",-,-,"1,929.90",780,-700.00,"1,910.00",98.97,13,-8,4,
,"4,433","-5,106","35,669",56.09,0.65,-0.45,650,0.65,0.70,"2,600","24,900.00",325,"1,925.35","1,948.40",130,-271.00,"1,927.35",64.89,30,-21,230,
,"1,265",-556,"12,538",57.77,0.70,-0.40,"1,300",0.55,0.70,"1,820","24,950.00",325,"1,966.70","2,031.90",780,-278.40,"1,972.95",-,1,-,20,
,"36,393","-17,575","2,23,252",57.65,0.55,-0.55,"1,23,110",0.50,0.55,"1,78,295","25,000.00",130,"2,024.65","2,042.00",130,-281.15,"2,040.00",88.70,"5,318","-1,794","5,243",
,"1,926",-777,"7,120",57.77,0.45,-0.55,"31,200",0.40,0.65,"1,755","25,050.00",780,"1,862.45","2,108.45",195,-46.15,"2,389.75",207.49,2,1,7,
,"2,690","-1,722","17,698",60.09,0.55,-0.45,650,0.45,0.60,"1,430","25,100.00",780,"1,948.10","2,168.05",325,-158.70,"2,180.50",120.75,10,-3,34,
,913,-415,"5,098",60.76,0.50,-0.50,"1,040",0.45,0.60,650,"25,150.00",780,"2,122.65","2,199.05",195,151.75,"2,451.75",202.15,1,-,3,
,"5,385","1,426","21,340",59.98,0.35,-0.60,"2,12,940",0.35,0.40,"92,755","25,200.00",780,"2,187.35","2,237.55",65,-312.45,"2,237.55",92.68,68,-45,166,
,826,-392,"5,400",63.16,0.50,-0.40,"27,495",0.35,0.50,"1,885","25,250.00",780,"2,051.00","2,319.90",780,-31.90,"2,442.00",173.00,10,-5,18,
,"8,214","5,241","19,073",62.31,0.35,-0.50,"26,845",0.35,0.40,"51,415","25,300.00",325,"2,324.50","2,365.75",780,-293.60,"2,320.00",-,26,-16,93,
,"1,131",116,"3,591",64.22,0.40,-0.45,"1,560",0.35,0.45,650,"25,350.00",780,"2,183.00","2,425.40",780,-5.25,"2,731.00",234.94,1,-,5,
,"10,597",-3,"28,394",63.76,0.30,-0.50,"3,03,810",0.30,0.35,"1,69,520","25,400.00",780,"2,223.30","2,476.75",520,-293.10,"2,438.00",99.82,121,-96,209,
,727,-72,"2,341",65.77,0.35,-0.45,"2,470",0.35,0.40,"4,680","25,450.00",390,"2,436.20","2,536.60",780,51.30,"2,751.30",217.45,2,1,2,
,"18,641","-4,467","82,316",66.03,0.30,-0.50,"93,990",0.30,0.35,"3,10,635","25,500.00",130,"2,520.05","2,542.00",325,-259.35,"2,536.40",100.94,"1,227","-1,091","1,827",
,807,-280,"4,291",67.16,0.30,-0.50,"1,170",0.30,0.35,"2,210","25,550.00",780,"2,296.25","2,636.10",780,-16.10,"2,920.00",242.40,10,-,10,
,"1,561",-355,"6,982",68.28,0.30,-0.45,"2,990",0.30,0.40,"3,380","25,600.00",-,-,"2,668.75",780,-536.20,"2,693.80",147.86,23,-20,61,
,624,-476,"1,988",69.40,0.30,-0.40,"66,300",0.25,0.40,"5,460","25,650.00",780,"2,467.40","2,731.55",780,-53.40,"2,983.00",236.87,20,-8,8,
,"1,526",-338,"3,008",70.52,0.30,-0.40,"83,460",0.25,0.30,"2,795","25,700.00",-,-,"2,822.90",780,-659.90,"2,739.10",110.93,23,-8,44,
,601,-275,"2,751",70.55,0.25,-0.40,"39,715",0.25,0.30,"2,470","25,750.00",780,"2,534.10","2,838.50",780,-458.25,"2,699.50",-,1,-,7,
,"1,389",-321,"3,942",72.74,0.30,-0.35,"47,905",0.25,0.30,"8,255","25,800.00",130,"2,550.40","2,854.60",195,-317.15,"2,860.00",134.32,52,-42,60,
,"1,487",-466,"4,379",72.74,0.25,-0.40,"65,130",0.25,0.30,"19,825","25,850.00",780,"2,590.70","2,944.80",780,-,-,-,-,-,1,
,"1,992",-392,"5,275",73.82,0.25,-0.35,"25,675",0.25,0.30,"8,515","25,900.00",780,"2,671.80","2,947.65",260,-2.05,"2,948.20",127.58,6,-3,8,
,"1,535",515,"4,041",74.91,0.25,-0.35,"9,685",0.25,0.30,"44,070","25,950.00",390,"2,933.70","3,041.55",780,"1,420.55","3,342.90",269.25,2,1,2,
,"20,965","-4,383","50,737",75.99,0.25,-0.35,"41,405",0.25,0.30,"2,43,620","26,000.00",845,"3,017.50","3,054.40",130,-265.70,"3,029.10",101.80,828,-665,"2,359",
,"1,210",-67,"3,773",77.07,0.25,-0.35,"6,630",0.25,0.30,520,"26,050.00",390,"3,034.30","3,137.55",780,370.00,"3,440.00",273.40,1,-,2,
,"2,140",-170,"6,046",76.76,0.20,-0.35,"3,13,430",0.20,0.25,"11,245","26,100.00",780,"2,760.60","3,192.65",130,-323.75,"3,137.00",120.58,191,-121,73,
,"1,307",129,"5,721",77.82,0.20,-0.35,"18,590",0.20,0.25,"29,315","26,150.00",780,"2,824.00","3,333.30",780,-,-,-,-,-,1,
,"4,018",-427,"6,438",80.28,0.25,-0.30,"1,14,400",0.25,0.30,845,"26,200.00",390,"3,183.00","3,256.20",130,-328.90,"3,251.15",140.45,2,-1,9,
,584,-32,"1,678",81.34,0.25,-0.30,"43,160",0.20,0.30,390,"26,250.00",780,"3,233.10","3,328.60",780,-,-,-,-,-,40,
,"1,830",109,"6,053",82.40,0.25,-0.30,975,0.25,0.30,"4,810","26,300.00",780,"3,283.05","3,383.50",130,-101.10,"3,380.00",166.30,13,-9,130,
,800,-28,"1,877",82.00,0.20,-0.35,"60,580",0.20,0.25,"5,980","26,350.00",780,"3,333.35","3,439.30",780,"1,467.65","3,816.80",310.03,4,1,2,
,"2,752",-110,"7,945",83.04,0.20,-0.30,"94,380",0.20,0.25,"2,535","26,400.00",780,"3,175.50","3,457.75",130,-66.15,"3,463.85",158.25,4,-,1,
,824,-235,"2,197",84.08,0.20,-0.30,"43,550",0.20,0.25,"1,235","26,450.00",780,"3,182.45","3,553.10",780,-,-,-,-,-,1,
,"9,836","-12,490","41,967",85.11,0.20,-0.25,"5,51,200",0.20,0.25,"46,345","26,500.00",390,"3,482.60","3,585.10",910,-255.85,"3,535.55",130.26,99,-58,408,
,"1,545",-686,"6,652",87.66,0.25,-0.30,"41,730",0.25,0.30,845,"26,550.00",780,"3,339.85","3,642.30",780,"1,417.35","3,950.50",300.65,2,1,2,
,"13,195","-2,863","34,189",87.17,0.20,-0.25,"2,78,460",0.20,0.25,"50,440","26,600.00",390,"3,581.85","3,649.10",260,-295.00,"3,805.00",237.78,1,-,40,
